{
  "version": "1.0.5",
  "last_updated": "2026-01-15",
  "total_cities": 405,
  "countries": 23,
  "cities": {
    "germany": {
      "country_code": "DE",
      "timezone": "Europe/Berlin",
      "cities": [
        {"name": "Berlin", "lat": 52.5200, "lon": 13.4050, "population": 3669495},
        {"name": "Hamburg", "lat": 53.5511, "lon": 9.9937, "population": 1906411},
        {"name": "Munich", "lat": 48.1351, "lon": 11.5820, "population": 1487708},
        {"name": "Köln", "name_en": "Cologne", "lat": 50.9375, "lon": 6.9603, "population": 1073096},
        {"name": "Frankfurt am Main", "lat": 50.1109, "lon": 8.6821, "population": 763380},
        {"name": "Stuttgart", "lat": 48.7758, "lon": 9.1829, "population": 626275},
        {"name": "Düsseldorf", "lat": 51.2277, "lon": 6.7735, "population": 621877},
        {"name": "Essen", "lat": 51.4556, "lon": 7.0116, "population": 579432},
        {"name": "Dortmund", "lat": 51.5136, "lon": 7.4653, "population": 587696},
        {"name": "Dresden", "lat": 51.0504, "lon": 13.7373, "population": 556227},
        {"name": "Bremen", "lat": 53.0793, "lon": 8.8017, "population": 569352},
        {"name": "Nürnberg", "name_en": "Nuremberg", "lat": 49.4521, "lon": 11.0767, "population": 515543},
        {"name": "Hannover", "name_en": "Hanover", "lat": 52.3759, "lon": 9.7320, "population": 536925},
        {"name": "Leipzig", "lat": 51.3397, "lon": 12.3731, "population": 597493},
        {"name": "Duisburg", "lat": 51.4344, "lon": 6.7623, "population": 495152},
        {"name": "Bochum", "lat": 51.4818, "lon": 7.2162, "population": 364920},
        {"name": "Wuppertal", "lat": 51.2562, "lon": 7.1508, "population": 355004},
        {"name": "Bielefeld", "lat": 52.0302, "lon": 8.5325, "population": 333451},
        {"name": "Bonn", "lat": 50.7374, "lon": 7.0982, "population": 330579},
        {"name": "Mannheim", "lat": 49.4875, "lon": 8.4660, "population": 309370},
        {"name": "Karlsruhe", "lat": 49.0069, "lon": 8.4037, "population": 308436},
        {"name": "Wiesbaden", "lat": 50.0782, "lon": 8.2398, "population": 278474},
        {"name": "Münster", "lat": 51.9607, "lon": 7.6261, "population": 315293},
        {"name": "Gelsenkirchen", "lat": 51.5177, "lon": 7.0857, "population": 259105},
        {"name": "Aachen", "lat": 50.7753, "lon": 6.0839, "population": 249070},
        {"name": "Mönchengladbach", "lat": 51.1805, "lon": 6.4428, "population": 261034},
        {"name": "Augsburg", "lat": 48.3705, "lon": 10.8978, "population": 296582},
        {"name": "Chemnitz", "lat": 50.8278, "lon": 12.9214, "population": 244951},
        {"name": "Kiel", "lat": 54.3233, "lon": 10.1228, "population": 247135},
        {"name": "Braunschweig", "name_en": "Brunswick", "lat": 52.2689, "lon": 10.5268, "population": 249406},
        {"name": "Krefeld", "lat": 51.3388, "lon": 6.5853, "population": 227020},
        {"name": "Halle (Saale)", "lat": 51.4969, "lon": 11.9688, "population": 239257},
        {"name": "Magdeburg", "lat": 52.1205, "lon": 11.6276, "population": 236188},
        {"name": "Oberhausen", "lat": 51.4963, "lon": 6.8528, "population": 210829},
        {"name": "Mainz", "lat": 49.9929, "lon": 8.2473, "population": 218578},
        {"name": "Freiburg", "lat": 47.9990, "lon": 7.8421, "population": 230940},
        {"name": "Erfurt", "lat": 50.9787, "lon": 11.0328, "population": 214417},
        {"name": "Lübeck", "lat": 53.8655, "lon": 10.6866, "population": 217198},
        {"name": "Hagen", "lat": 51.3671, "lon": 7.4633, "population": 188687},
        {"name": "Rostock", "lat": 54.0887, "lon": 12.1407, "population": 209191},
        {"name": "Kassel", "lat": 51.3127, "lon": 9.4797, "population": 202137},
        {"name": "Potsdam", "lat": 52.3906, "lon": 13.0645, "population": 182112},
        {"name": "Saarbrücken", "lat": 49.2401, "lon": 6.9969, "population": 181959},
        {"name": "Hamm", "lat": 51.6739, "lon": 7.8159, "population": 179238},
        {"name": "Herne", "lat": 51.5369, "lon": 7.2000, "population": 156449},
        {"name": "Mülheim", "lat": 51.4275, "lon": 6.8825, "population": 170921},
        {"name": "Osnabrück", "lat": 52.2799, "lon": 8.0472, "population": 165251},
        {"name": "Solingen", "lat": 51.1652, "lon": 7.0671, "population": 159245},
        {"name": "Ludwigshafen am Rhein", "lat": 49.4774, "lon": 8.4452, "population": 172557},
        {"name": "Leverkusen", "lat": 51.0459, "lon": 6.9840, "population": 163905},
        {"name": "Oldenburg", "lat": 53.1435, "lon": 8.2146, "population": 170389},
        {"name": "Neuss", "lat": 51.1981, "lon": 6.6919, "population": 152644},
        {"name": "Heidelberg", "lat": 49.3988, "lon": 8.6724, "population": 160355},
        {"name": "Paderborn", "lat": 51.7189, "lon": 8.7575, "population": 151633},
        {"name": "Darmstadt", "lat": 49.8728, "lon": 8.6512, "population": 159207},
        {"name": "Würzburg", "lat": 49.7913, "lon": 9.9534, "population": 127934},
        {"name": "Regensburg", "lat": 49.0134, "lon": 12.1016, "population": 153094},
        {"name": "Wolfsburg", "lat": 52.4227, "lon": 10.7865, "population": 124151},
        {"name": "Recklinghausen", "lat": 51.6141, "lon": 7.1979, "population": 114147},
        {"name": "Göttingen", "lat": 51.5413, "lon": 9.9158, "population": 119529},
        {"name": "Heilbronn", "lat": 49.1427, "lon": 9.2109, "population": 126592},
        {"name": "Ingolstadt", "lat": 48.7665, "lon": 11.4257, "population": 137392},
        {"name": "Ulm", "lat": 48.4011, "lon": 9.9876, "population": 126790},
        {"name": "Bottrop", "lat": 51.5247, "lon": 6.9286, "population": 117383},
        {"name": "Pforzheim", "lat": 48.8922, "lon": 8.6946, "population": 125957},
        {"name": "Offenbach", "lat": 50.1055, "lon": 8.7761, "population": 130280},
        {"name": "Remscheid", "lat": 51.1787, "lon": 7.1896, "population": 111338},
        {"name": "Bremerhaven", "lat": 53.5396, "lon": 8.5809, "population": 113643},
        {"name": "Reutlingen", "lat": 48.4914, "lon": 9.2043, "population": 115818},
        {"name": "Fürth", "lat": 49.4774, "lon": 10.9887, "population": 128497},
        {"name": "Koblenz", "lat": 50.3569, "lon": 7.5890, "population": 114052},
        {"name": "Siegen", "lat": 50.8748, "lon": 8.0243, "population": 102770},
        {"name": "Bergisch Gladbach", "lat": 50.9918, "lon": 7.1353, "population": 111645},
        {"name": "Jena", "lat": 50.9272, "lon": 11.5892, "population": 111407},
        {"name": "Gera", "lat": 50.8801, "lon": 12.0829, "population": 93125},
        {"name": "Salzgitter", "lat": 52.1542, "lon": 10.3294, "population": 104948},
        {"name": "Moers", "lat": 51.4500, "lon": 6.6167, "population": 103725},
        {"name": "Hildesheim", "lat": 52.1508, "lon": 9.9511, "population": 101055},
        {"name": "Erlangen", "lat": 49.5897, "lon": 11.0078, "population": 112528},
        {"name": "Witten", "lat": 51.4435, "lon": 7.3520, "population": 96136},
        {"name": "Trier", "lat": 49.7490, "lon": 6.6371, "population": 111528}
      ]
    },
    "australia": {
      "country_code": "AU",
      "timezone": "Australia/Sydney",
      "cities": [
        {"name": "Sydney", "lat": -33.8688, "lon": 151.2093, "population": 5312163},
        {"name": "Melbourne", "lat": -37.8136, "lon": 144.9631, "population": 5078193},
        {"name": "Brisbane", "lat": -27.4698, "lon": 153.0251, "population": 2514184},
        {"name": "Perth", "lat": -31.9505, "lon": 115.8605, "population": 2085973},
        {"name": "Adelaide", "lat": -34.9285, "lon": 138.6007, "population": 1376601},
        {"name": "Gold Coast", "lat": -28.0167, "lon": 153.4000, "population": 679127},
        {"name": "Newcastle", "lat": -32.9283, "lon": 151.7817, "population": 322278},
        {"name": "Canberra", "lat": -35.2809, "lon": 149.1300, "population": 467859},
        {"name": "Central Coast", "lat": -33.4250, "lon": 151.3500, "population": 333627},
        {"name": "Sunshine Coast", "lat": -26.6500, "lon": 153.0667, "population": 351479},
        {"name": "Logan City", "lat": -27.6392, "lon": 153.1094, "population": 326615},
        {"name": "Geelong", "lat": -38.1499, "lon": 144.3617, "population": 192393},
        {"name": "Wollongong", "lat": -34.4278, "lon": 150.8931, "population": 305880},
        {"name": "Hobart", "lat": -42.8821, "lon": 147.3272, "population": 240342},
        {"name": "Townsville", "lat": -19.2590, "lon": 146.8169, "population": 180820},
        {"name": "Cairns", "lat": -16.9186, "lon": 145.7781, "population": 153075},
        {"name": "Toowoomba", "lat": -27.5598, "lon": 151.9507, "population": 136861},
        {"name": "Darwin", "lat": -12.4634, "lon": 130.8456, "population": 147255},
        {"name": "Mackay", "lat": -21.1411, "lon": 149.1861, "population": 80148},
        {"name": "Ballarat", "lat": -37.5622, "lon": 143.8503, "population": 105471},
        {"name": "Bendigo", "lat": -36.7570, "lon": 144.2794, "population": 100617}
      ]
    },
    "austria": {
      "country_code": "AT",
      "timezone": "Europe/Vienna",
      "cities": [
        {"name": "Vienna", "name_local": "Wien", "lat": 48.2082, "lon": 16.3738, "population": 1911191},
        {"name": "Graz", "lat": 47.0707, "lon": 15.4395, "population": 291072},
        {"name": "Linz", "lat": 48.3069, "lon": 14.2858, "population": 206604},
        {"name": "Salzburg", "lat": 47.8095, "lon": 13.0550, "population": 155021},
        {"name": "Innsbruck", "lat": 47.2692, "lon": 11.4041, "population": 132493},
        {"name": "Klagenfurt am Wörthersee", "lat": 46.6249, "lon": 14.3050, "population": 101403}
      ]
    },
    "azerbaijan": {
      "country_code": "AZ",
      "timezone": "Asia/Baku",
      "languages": ["az", "ru"],
      "cities": [
        {"name": "Baku", "name_local": "Bakı", "lat": 40.4093, "lon": 49.8671, "population": 2303000, "priority": "primary"},
        {"name": "Sumqayıt", "name_en": "Sumgait", "lat": 40.5855, "lon": 49.6317, "population": 358000, "priority": "high"},
        {"name": "Ganja", "name_local": "Gəncə", "lat": 40.6828, "lon": 46.3606, "population": 335600, "priority": "high"},
        {"name": "Lankaran", "name_local": "Lənkəran", "lat": 38.7536, "lon": 48.8511, "population": 228200},
        {"name": "Tovuz", "lat": 40.9922, "lon": 45.6286, "population": 21500},
        {"name": "Yevlakh", "name_local": "Yevlax", "lat": 40.6186, "lon": 47.1500, "population": 59036},
        {"name": "Mingachevir", "name_local": "Mingəçevir", "lat": 40.7703, "lon": 47.0489, "population": 104300},
        {"name": "Naxçıvan", "name_en": "Nakhchivan", "lat": 39.2092, "lon": 45.4122, "population": 90000},
        {"name": "Qaraçuxur", "lat": 40.4167, "lon": 50.0333, "population": 17500},
        {"name": "Saatlı", "lat": 39.9333, "lon": 48.3667, "population": 23500}
      ]
    },
    "belgium": {
      "country_code": "BE",
      "timezone": "Europe/Brussels",
      "cities": [
        {"name": "Brussels", "name_local": "Bruxelles", "lat": 50.8503, "lon": 4.3517, "population": 1208542},
        {"name": "Antwerpen", "name_en": "Antwerp", "lat": 51.2194, "lon": 4.4025, "population": 529247},
        {"name": "Gent", "name_en": "Ghent", "lat": 51.0543, "lon": 3.7174, "population": 263927},
        {"name": "Charleroi", "lat": 50.4108, "lon": 4.4446, "population": 201816},
        {"name": "Liège", "lat": 50.6326, "lon": 5.5797, "population": 197355},
        {"name": "Brugge", "name_en": "Bruges", "lat": 51.2093, "lon": 3.2247, "population": 118325},
        {"name": "Namur", "lat": 50.4674, "lon": 4.8712, "population": 112522},
        {"name": "Leuven", "lat": 50.8798, "lon": 4.7005, "population": 102275}
      ]
    },
    "denmark": {
      "country_code": "DK",
      "timezone": "Europe/Copenhagen",
      "cities": [
        {"name": "Copenhagen", "name_local": "København", "lat": 55.6761, "lon": 12.5683, "population": 644431},
        {"name": "Århus", "name_en": "Aarhus", "lat": 56.1629, "lon": 10.2039, "population": 285273},
        {"name": "Odense", "lat": 55.4038, "lon": 10.4024, "population": 180760},
        {"name": "Aalborg", "lat": 57.0488, "lon": 9.9217, "population": 119862},
        {"name": "Frederiksberg", "lat": 55.6786, "lon": 12.5289, "population": 104305},
        {"name": "Esbjerg", "lat": 55.4667, "lon": 8.4500, "population": 72205},
        {"name": "Randers", "lat": 56.4607, "lon": 10.0362, "population": 62482},
        {"name": "Kolding", "lat": 55.4904, "lon": 9.4722, "population": 61212},
        {"name": "Horsens", "lat": 55.8607, "lon": 9.8500, "population": 59449},
        {"name": "Vejle", "lat": 55.7113, "lon": 9.5333, "population": 57656}
      ]
    },
    "estonia": {
      "country_code": "EE",
      "timezone": "Europe/Tallinn",
      "cities": [
        {"name": "Tallinn", "lat": 59.4370, "lon": 24.7536, "population": 437619},
        {"name": "Tartu", "lat": 58.3780, "lon": 26.7290, "population": 97600},
        {"name": "Narva", "lat": 59.3797, "lon": 28.1791, "population": 56006},
        {"name": "Pärnu", "lat": 58.3859, "lon": 24.4971, "population": 40228},
        {"name": "Kohtla-Järve", "lat": 59.3989, "lon": 27.2734, "population": 34395},
        {"name": "Viljandi", "lat": 58.3639, "lon": 25.5900, "population": 17407},
        {"name": "Maardu", "lat": 59.4675, "lon": 25.0186, "population": 16187},
        {"name": "Rakvere", "lat": 59.3469, "lon": 26.3567, "population": 15004},
        {"name": "Kuressaare", "lat": 58.2481, "lon": 22.5039, "population": 13097},
        {"name": "Sillamäe", "lat": 59.3967, "lon": 27.7681, "population": 12728}
      ]
    },
    "finland": {
      "country_code": "FI",
      "timezone": "Europe/Helsinki",
      "cities": [
        {"name": "Helsinki", "lat": 60.1699, "lon": 24.9384, "population": 656920},
        {"name": "Espoo", "lat": 60.2052, "lon": 24.6522, "population": 292913},
        {"name": "Tampere", "lat": 61.4978, "lon": 23.7610, "population": 244315},
        {"name": "Vantaa", "lat": 60.2941, "lon": 25.0408, "population": 237231},
        {"name": "Oulu", "lat": 65.0121, "lon": 25.4651, "population": 209648},
        {"name": "Turku", "lat": 60.4518, "lon": 22.2666, "population": 194244},
        {"name": "Jyväskylä", "lat": 62.2426, "lon": 25.7473, "population": 143400},
        {"name": "Kuopio", "lat": 62.8925, "lon": 27.6783, "population": 120776},
        {"name": "Lahti", "lat": 60.9827, "lon": 25.6612, "population": 120027}
      ]
    },
    "france": {
      "country_code": "FR",
      "timezone": "Europe/Paris",
      "cities": [
        {"name": "Paris", "lat": 48.8566, "lon": 2.3522, "population": 2161000},
        {"name": "Marseille", "lat": 43.2965, "lon": 5.3698, "population": 870731},
        {"name": "Lyon", "lat": 45.7640, "lon": 4.8357, "population": 522250},
        {"name": "Toulouse", "lat": 43.6047, "lon": 1.4442, "population": 486828},
        {"name": "Nice", "lat": 43.7102, "lon": 7.2620, "population": 342669},
        {"name": "Nantes", "lat": 47.2184, "lon": -1.5536, "population": 314138},
        {"name": "Strasbourg", "lat": 48.5734, "lon": 7.7521, "population": 284677},
        {"name": "Bordeaux", "lat": 44.8378, "lon": -0.5792, "population": 257068},
        {"name": "Montpellier", "lat": 43.6108, "lon": 3.8767, "population": 290053},
        {"name": "Lille", "lat": 50.6292, "lon": 3.0573, "population": 232787},
        {"name": "Rennes", "lat": 48.1173, "lon": -1.6778, "population": 222485},
        {"name": "Reims", "lat": 49.2583, "lon": 4.0317, "population": 182592},
        {"name": "Le Havre", "lat": 49.4944, "lon": 0.1079, "population": 172074},
        {"name": "Saint-Étienne", "lat": 45.4397, "lon": 4.3872, "population": 173089},
        {"name": "Toulon", "lat": 43.1242, "lon": 5.9280, "population": 176198},
        {"name": "Angers", "lat": 47.4784, "lon": -0.5632, "population": 154508},
        {"name": "Dijon", "lat": 47.3220, "lon": 5.0415, "population": 157920},
        {"name": "Grenoble", "lat": 45.1885, "lon": 5.7245, "population": 158454},
        {"name": "Nîmes", "lat": 43.8367, "lon": 4.3601, "population": 151001},
        {"name": "Clermont-Ferrand", "lat": 45.7772, "lon": 3.0870, "population": 146734},
        {"name": "Aix-en-Provence", "lat": 43.5297, "lon": 5.4474, "population": 145721},
        {"name": "Brest", "lat": 48.3904, "lon": -4.4861, "population": 139926},
        {"name": "Le Mans", "lat": 48.0061, "lon": 0.1996, "population": 145502},
        {"name": "Amiens", "lat": 49.8941, "lon": 2.2958, "population": 135449},
        {"name": "Tours", "lat": 47.3941, "lon": 0.6848, "population": 136463},
        {"name": "Limoges", "lat": 45.8315, "lon": 1.2578, "population": 133968},
        {"name": "Villeurbanne", "lat": 45.7676, "lon": 4.8798, "population": 150659},
        {"name": "Besançon", "lat": 47.2378, "lon": 6.0241, "population": 117080},
        {"name": "Metz", "lat": 49.1193, "lon": 6.1757, "population": 117619},
        {"name": "Orléans", "lat": 47.9029, "lon": 1.9039, "population": 116238},
        {"name": "Rouen", "lat": 49.4432, "lon": 1.0993, "population": 113128},
        {"name": "Mulhouse", "lat": 47.7508, "lon": 7.3359, "population": 109443},
        {"name": "Montreuil", "lat": 48.8638, "lon": 2.4486, "population": 106691},
        {"name": "Perpignan", "lat": 42.6887, "lon": 2.8948, "population": 122694},
        {"name": "Caen", "lat": 49.1829, "lon": -0.3707, "population": 106260},
        {"name": "Nancy", "lat": 48.6921, "lon": 6.1844, "population": 105067},
        {"name": "Argenteuil", "lat": 48.9477, "lon": 2.2467, "population": 110465}
      ]
    },
    "netherlands": {
      "country_code": "NL",
      "timezone": "Europe/Amsterdam",
      "cities": [
        {"name": "Amsterdam", "lat": 52.3676, "lon": 4.9041, "population": 872680},
        {"name": "Rotterdam", "lat": 51.9244, "lon": 4.4777, "population": 651446},
        {"name": "The Hague", "name_local": "'s-Gravenhage", "lat": 52.0705, "lon": 4.3007, "population": 545163},
        {"name": "Utrecht", "lat": 52.0907, "lon": 5.1214, "population": 357597},
        {"name": "Eindhoven", "lat": 51.4416, "lon": 5.4697, "population": 234456},
        {"name": "Groningen", "lat": 53.2194, "lon": 6.5665, "population": 231299},
        {"name": "Tilburg", "lat": 51.5555, "lon": 5.0913, "population": 220308},
        {"name": "Breda", "lat": 51.5719, "lon": 4.7683, "population": 183873},
        {"name": "Nijmegen", "lat": 51.8426, "lon": 5.8527, "population": 177199},
        {"name": "Almere", "lat": 52.3508, "lon": 5.2647, "population": 215753},
        {"name": "Haarlem", "lat": 52.3874, "lon": 4.6462, "population": 161265},
        {"name": "Arnhem", "lat": 51.9851, "lon": 5.8987, "population": 159265},
        {"name": "'s-Hertogenbosch", "lat": 51.6978, "lon": 5.3037, "population": 155088},
        {"name": "Enschede", "lat": 52.2215, "lon": 6.8937, "population": 159866},
        {"name": "Zaanstad", "lat": 52.4558, "lon": 4.8286, "population": 156575},
        {"name": "Amersfoort", "lat": 52.1561, "lon": 5.3878, "population": 157276},
        {"name": "Apeldoorn", "lat": 52.2112, "lon": 5.9699, "population": 163405},
        {"name": "Zwolle", "lat": 52.5168, "lon": 6.0830, "population": 128774},
        {"name": "Leeuwarden", "lat": 53.2012, "lon": 5.7999, "population": 123107},
        {"name": "Maastricht", "lat": 50.8514, "lon": 5.6909, "population": 121565},
        {"name": "Leiden", "lat": 52.1601, "lon": 4.4970, "population": 124899},
        {"name": "Dordrecht", "lat": 51.8133, "lon": 4.6901, "population": 119496},
        {"name": "Zoetermeer", "lat": 52.0571, "lon": 4.4931, "population": 125271},
        {"name": "Venlo", "lat": 51.3704, "lon": 6.1724, "population": 101544}
      ]
    },
    "latvia": {
      "country_code": "LV",
      "timezone": "Europe/Riga",
      "cities": [
        {"name": "Riga", "name_local": "Rīga", "lat": 56.9496, "lon": 24.1052, "population": 614618},
        {"name": "Daugavpils", "lat": 55.8747, "lon": 26.5356, "population": 80177},
        {"name": "Liepāja", "lat": 56.5047, "lon": 21.0108, "population": 67360},
        {"name": "Jelgava", "lat": 56.6511, "lon": 23.7211, "population": 55287},
        {"name": "Jūrmala", "lat": 56.9681, "lon": 23.7703, "population": 49002},
        {"name": "Ventspils", "lat": 57.3944, "lon": 21.5644, "population": 33553},
        {"name": "Rēzekne", "lat": 56.5100, "lon": 27.3333, "population": 27609},
        {"name": "Valmiera", "lat": 57.5386, "lon": 25.4278, "population": 23019},
        {"name": "Ogre", "lat": 56.8167, "lon": 24.6000, "population": 23414},
        {"name": "Jēkabpils", "lat": 56.4989, "lon": 25.8564, "population": 22153}
      ]
    },
    "liechtenstein": {
      "country_code": "LI",
      "timezone": "Europe/Vaduz",
      "cities": [
        {"name": "Vaduz", "lat": 47.1410, "lon": 9.5209, "population": 5696},
        {"name": "Schaan", "lat": 47.1647, "lon": 9.5083, "population": 6099},
        {"name": "Triesen", "lat": 47.1083, "lon": 9.5278, "population": 5267},
        {"name": "Balzers", "lat": 47.0667, "lon": 9.5000, "population": 4736},
        {"name": "Eschen", "lat": 47.2106, "lon": 9.5222, "population": 4392},
        {"name": "Mauren", "lat": 47.2194, "lon": 9.5444, "population": 4404},
        {"name": "Triesenberg", "lat": 47.1167, "lon": 9.5500, "population": 2619},
        {"name": "Ruggell", "lat": 47.2500, "lon": 9.5333, "population": 2258},
        {"name": "Gamprin", "lat": 47.2167, "lon": 9.5000, "population": 1659}
      ]
    },
    "lithuania": {
      "country_code": "LT",
      "timezone": "Europe/Vilnius",
      "cities": [
        {"name": "Vilnius", "lat": 54.6872, "lon": 25.2797, "population": 580020},
        {"name": "Kaunas", "lat": 54.8985, "lon": 23.9036, "population": 289380},
        {"name": "Klaipėda", "lat": 55.7033, "lon": 21.1443, "population": 147898},
        {"name": "Šiauliai", "lat": 55.9333, "lon": 23.3167, "population": 100586},
        {"name": "Panevėžys", "lat": 55.7333, "lon": 24.3500, "population": 87216},
        {"name": "Alytus", "lat": 54.4000, "lon": 24.0500, "population": 49346},
        {"name": "Marijampolė", "lat": 54.5556, "lon": 23.3500, "population": 34426},
        {"name": "Mažeikiai", "lat": 56.3167, "lon": 22.3333, "population": 30815},
        {"name": "Jonava", "lat": 55.0833, "lon": 24.2833, "population": 26683},
        {"name": "Utena", "lat": 55.5000, "lon": 25.6000, "population": 25084}
      ]
    },
    "luxembourg": {
      "country_code": "LU",
      "timezone": "Europe/Luxembourg",
      "cities": [
        {"name": "Luxembourg City", "name_local": "Lëtzebuerg", "lat": 49.6116, "lon": 6.1319, "population": 124528},
        {"name": "Esch-sur-Alzette", "lat": 49.4950, "lon": 5.9806, "population": 36228},
        {"name": "Differdange", "lat": 49.5242, "lon": 5.8914, "population": 27967},
        {"name": "Dudelange", "lat": 49.4806, "lon": 6.0875, "population": 21509},
        {"name": "Pétange", "lat": 49.5583, "lon": 5.8806, "population": 19854},
        {"name": "Sanem", "lat": 49.5500, "lon": 5.9333, "population": 17364},
        {"name": "Hesperange", "lat": 49.5667, "lon": 6.1500, "population": 16016},
        {"name": "Bettembourg", "lat": 49.5167, "lon": 6.1000, "population": 11264},
        {"name": "Schifflange", "lat": 49.5083, "lon": 6.0167, "population": 11433},
        {"name": "Mamer", "lat": 49.6278, "lon": 6.0250, "population": 10423},
        {"name": "Mersch", "lat": 49.7500, "lon": 6.1000, "population": 9720},
        {"name": "Ettelbruck", "lat": 49.8472, "lon": 6.1000, "population": 9049},
        {"name": "Diekirch", "lat": 49.8681, "lon": 6.1569, "population": 7044},
        {"name": "Wiltz", "lat": 49.9667, "lon": 5.9333, "population": 7208},
        {"name": "Echternach", "lat": 49.8111, "lon": 6.4222, "population": 5734},
        {"name": "Remich", "lat": 49.5450, "lon": 6.3667, "population": 3753},
        {"name": "Grevenmacher", "lat": 49.6742, "lon": 6.4406, "population": 5124},
        {"name": "Vianden", "lat": 49.9350, "lon": 6.2092, "population": 2103}
      ]
    },
    "norway": {
      "country_code": "NO",
      "timezone": "Europe/Oslo",
      "cities": [
        {"name": "Oslo", "lat": 59.9139, "lon": 10.7522, "population": 693494},
        {"name": "Bergen", "lat": 60.3913, "lon": 5.3221, "population": 283929},
        {"name": "Trondheim", "lat": 63.4305, "lon": 10.3951, "population": 205163},
        {"name": "Stavanger", "lat": 58.9700, "lon": 5.7331, "population": 143574},
        {"name": "Kristiansand", "lat": 58.1599, "lon": 8.0182, "population": 111633},
        {"name": "Drammen", "lat": 59.7441, "lon": 10.2045, "population": 101386},
        {"name": "Fredrikstad", "lat": 59.2181, "lon": 10.9298, "population": 82385},
        {"name": "Sandnes", "lat": 58.8518, "lon": 5.7352, "population": 78899},
        {"name": "Lillestrøm", "lat": 59.9558, "lon": 11.0493, "population": 50714},
        {"name": "Sandefjord", "lat": 59.1318, "lon": 10.2165, "population": 46091}
      ]
    },
    "turkey": {
      "country_code": "TR",
      "timezone": "Europe/Istanbul",
      "cities": [
        {"name": "Istanbul", "name_local": "İstanbul", "lat": 41.0082, "lon": 28.9784, "population": 15519267},
        {"name": "Ankara", "lat": 39.9334, "lon": 32.8597, "population": 5663322},
        {"name": "İzmir", "lat": 38.4237, "lon": 27.1428, "population": 4367251},
        {"name": "Bursa", "lat": 40.1885, "lon": 29.0610, "population": 3101833},
        {"name": "Adana", "lat": 37.0000, "lon": 35.3213, "population": 2237940},
        {"name": "Gaziantep", "lat": 37.0662, "lon": 37.3833, "population": 2069364},
        {"name": "Konya", "lat": 37.8713, "lon": 32.4846, "population": 2232374},
        {"name": "Antalya", "lat": 36.8969, "lon": 30.7133, "population": 2511700},
        {"name": "Kayseri", "lat": 38.7312, "lon": 35.4787, "population": 1412811},
        {"name": "Diyarbakır", "lat": 37.9100, "lon": 40.2100, "population": 1756353},
        {"name": "Mersin", "lat": 36.8000, "lon": 34.6333, "population": 1840425},
        {"name": "Eskişehir", "lat": 39.7767, "lon": 30.5206, "population": 888828},
        {"name": "Samsun", "lat": 41.2867, "lon": 36.3300, "population": 1348542},
        {"name": "Denizli", "lat": 37.7765, "lon": 29.0864, "population": 1027782},
        {"name": "Şanlıurfa", "lat": 37.1674, "lon": 38.7955, "population": 2073614},
        {"name": "Malatya", "lat": 38.3552, "lon": 38.3095, "population": 797036},
        {"name": "Kahramanmaraş", "lat": 37.5858, "lon": 36.9371, "population": 1154102},
        {"name": "Erzurum", "lat": 39.9043, "lon": 41.2679, "population": 762321},
        {"name": "Van", "lat": 38.4891, "lon": 43.4089, "population": 1123784},
        {"name": "Batman", "lat": 37.8812, "lon": 41.1351, "population": 599103},
        {"name": "Elazığ", "lat": 38.6810, "lon": 39.2264, "population": 591497},
        {"name": "Sivas", "lat": 39.7477, "lon": 37.0179, "population": 638956},
        {"name": "Trabzon", "lat": 41.0015, "lon": 39.7178, "population": 808974},
        {"name": "Manisa", "lat": 38.6191, "lon": 27.4289, "population": 1429643},
        {"name": "Balıkesir", "lat": 39.6484, "lon": 27.8826, "population": 1228620},
        {"name": "Kırıkkale", "lat": 39.8468, "lon": 33.5153, "population": 283017},
        {"name": "Adapazarı", "lat": 40.7667, "lon": 30.4000, "population": 1029650},
        {"name": "Gebze", "lat": 40.7983, "lon": 29.4306, "population": 371000},
        {"name": "İskenderun", "lat": 36.5858, "lon": 36.1709, "population": 250000},
        {"name": "Antakya", "lat": 36.2025, "lon": 36.1589, "population": 377793},
        {"name": "İzmit", "lat": 40.7656, "lon": 29.9167, "population": 363416},
        {"name": "Aydın", "lat": 37.8444, "lon": 27.8458, "population": 1110972},
        {"name": "Çanakkale", "lat": 40.1553, "lon": 26.4142, "population": 542157},
        {"name": "Edirne", "lat": 41.6771, "lon": 26.5557, "population": 413903},
        {"name": "Afyonkarahisar", "lat": 38.7507, "lon": 30.5567, "population": 729483},
        {"name": "Aksaray", "lat": 38.3687, "lon": 34.0370, "population": 412172},
        {"name": "Bolu", "lat": 40.7356, "lon": 31.6061, "population": 311810},
        {"name": "Çorum", "lat": 40.5506, "lon": 34.9556, "population": 525180},
        {"name": "Düzce", "lat": 40.8438, "lon": 31.1565, "population": 387844},
        {"name": "Isparta", "lat": 37.7648, "lon": 30.5566, "population": 441412},
        {"name": "Karaman", "lat": 37.1759, "lon": 33.2287, "population": 251913},
        {"name": "Kütahya", "lat": 39.4167, "lon": 29.9833, "population": 577941},
        {"name": "Rize", "lat": 41.0201, "lon": 40.5234, "population": 348608},
        {"name": "Tekirdağ", "lat": 40.9833, "lon": 27.5167, "population": 1055412},
        {"name": "Tokat", "lat": 40.3167, "lon": 36.5500, "population": 596454},
        {"name": "Uşak", "lat": 38.6823, "lon": 29.4082, "population": 367514},
        {"name": "Zonguldak", "lat": 41.4564, "lon": 31.7987, "population": 596892},
        {"name": "Adıyaman", "lat": 37.7648, "lon": 38.2786, "population": 624465},
        {"name": "Ağrı", "lat": 39.7191, "lon": 43.0503, "population": 539657},
        {"name": "Amasya", "lat": 40.6500, "lon": 35.8333, "population": 337576},
        {"name": "Bingöl", "lat": 38.8853, "lon": 40.4982, "population": 281205},
        {"name": "Erzincan", "lat": 39.7500, "lon": 39.5000, "population": 234431},
        {"name": "Giresun", "lat": 40.9128, "lon": 38.3895, "population": 448400},
        {"name": "Kastamonu", "lat": 41.3887, "lon": 33.7827, "population": 383373},
        {"name": "Kırşehir", "lat": 39.1425, "lon": 34.1709, "population": 241868},
        {"name": "Mardin", "lat": 37.3212, "lon": 40.7245, "population": 838778},
        {"name": "Siirt", "lat": 37.9333, "lon": 41.9500, "population": 331311},
        {"name": "Iğdır", "lat": 39.9167, "lon": 44.0333, "population": 196511},
        {"name": "Kilis", "lat": 36.7184, "lon": 37.1212, "population": 142541},
        {"name": "Osmaniye", "lat": 37.0742, "lon": 36.2478, "population": 538759},
        {"name": "Karabük", "lat": 41.2061, "lon": 32.6204, "population": 248014}
      ]
    },
    "sweden": {
      "country_code": "SE",
      "timezone": "Europe/Stockholm",
      "cities": [
        {"name": "Stockholm", "lat": 59.3293, "lon": 18.0686, "population": 978770},
        {"name": "Göteborg", "name_en": "Gothenburg", "lat": 57.7089, "lon": 11.9746, "population": 590580},
        {"name": "Malmö", "lat": 55.6050, "lon": 13.0038, "population": 350647},
        {"name": "Uppsala", "lat": 59.8586, "lon": 17.6389, "population": 177074},
        {"name": "Linköping", "lat": 58.4108, "lon": 15.6214, "population": 163051},
        {"name": "Örebro", "lat": 59.2753, "lon": 15.2134, "population": 155696},
        {"name": "Umeå", "lat": 63.8258, "lon": 20.2630, "population": 130224},
        {"name": "Västerås", "lat": 59.6162, "lon": 16.5528, "population": 154049},
        {"name": "Jönköping", "lat": 57.7826, "lon": 14.1618, "population": 141081},
        {"name": "Helsingborg", "lat": 56.0465, "lon": 12.6945, "population": 149280}
      ]
    },
    "switzerland": {
      "country_code": "CH",
      "timezone": "Europe/Zurich",
      "cities": [
        {"name": "Zürich", "name_en": "Zurich", "lat": 47.3769, "lon": 8.5417, "population": 434335},
        {"name": "Genève", "name_en": "Geneva", "lat": 46.2044, "lon": 6.1432, "population": 203856},
        {"name": "Basel", "lat": 47.5596, "lon": 7.5886, "population": 177654},
        {"name": "Lausanne", "lat": 46.5197, "lon": 6.6323, "population": 139408},
        {"name": "Bern", "lat": 46.9480, "lon": 7.4474, "population": 134591},
        {"name": "Winterthur", "lat": 47.5001, "lon": 8.7334, "population": 115469},
        {"name": "Luzern", "name_en": "Lucerne", "lat": 47.0502, "lon": 8.3093, "population": 82620},
        {"name": "Sankt Gallen", "name_en": "St. Gallen", "lat": 47.4245, "lon": 9.3767, "population": 79640},
        {"name": "Lugano", "lat": 46.0037, "lon": 8.9511, "population": 63932},
        {"name": "Biel/Bienne", "lat": 47.1368, "lon": 7.2467, "population": 55206}
      ]
    },
    "iceland": {
      "country_code": "IS",
      "timezone": "Atlantic/Reykjavik",
      "cities": [
        {"name": "Reykjavík", "lat": 64.1466, "lon": -21.9426, "population": 133262},
        {"name": "Kópavogur", "lat": 64.1123, "lon": -21.9129, "population": 38400},
        {"name": "Hafnarfjörður", "lat": 64.0671, "lon": -21.9436, "population": 29799},
        {"name": "Akureyri", "lat": 65.6835, "lon": -18.0878, "population": 19223},
        {"name": "Reykjanesbær", "lat": 63.9973, "lon": -22.5599, "population": 19500},
        {"name": "Garðabær", "lat": 64.0894, "lon": -21.9231, "population": 18100},
        {"name": "Mosfellsbær", "lat": 64.1667, "lon": -21.7000, "population": 12100},
        {"name": "Selfoss", "lat": 63.9333, "lon": -20.9833, "population": 7700},
        {"name": "Akranes", "lat": 64.3167, "lon": -22.0667, "population": 7500}
      ]
    },
    "united_kingdom": {
      "country_code": "GB",
      "timezone": "Europe/London",
      "cities": [
        {"name": "London", "lat": 51.5074, "lon": -0.1278, "population": 8982000},
        {"name": "Birmingham", "lat": 52.4862, "lon": -1.8904, "population": 1141816},
        {"name": "Leeds", "lat": 53.8008, "lon": -1.5491, "population": 789194},
        {"name": "Glasgow", "lat": 55.8642, "lon": -4.2518, "population": 633120},
        {"name": "Sheffield", "lat": 53.3811, "lon": -1.4701, "population": 584853},
        {"name": "Manchester", "lat": 53.4808, "lon": -2.2426, "population": 553230},
        {"name": "Edinburgh", "lat": 55.9533, "lon": -3.1883, "population": 524930},
        {"name": "Liverpool", "lat": 53.4084, "lon": -2.9916, "population": 498042},
        {"name": "Bristol", "lat": 51.4545, "lon": -2.5879, "population": 467099},
        {"name": "Cardiff", "lat": 51.4816, "lon": -3.1791, "population": 366903}
      ]
    },
    "united_states": {
      "country_code": "US",
      "timezone": "America/New_York",
      "cities": [
        {"name": "New York City", "lat": 40.7128, "lon": -74.0060, "population": 8336817},
        {"name": "Los Angeles", "lat": 34.0522, "lon": -118.2437, "population": 3979576, "timezone": "America/Los_Angeles"},
        {"name": "Chicago", "lat": 41.8781, "lon": -87.6298, "population": 2693976, "timezone": "America/Chicago"},
        {"name": "Houston", "lat": 29.7604, "lon": -95.3698, "population": 2320268, "timezone": "America/Chicago"},
        {"name": "Phoenix", "lat": 33.4484, "lon": -112.0740, "population": 1680992, "timezone": "America/Phoenix"},
        {"name": "Philadelphia", "lat": 39.9526, "lon": -75.1652, "population": 1584064},
        {"name": "San Antonio", "lat": 29.4241, "lon": -98.4936, "population": 1547253, "timezone": "America/Chicago"},
        {"name": "San Diego", "lat": 32.7157, "lon": -117.1611, "population": 1423851, "timezone": "America/Los_Angeles"},
        {"name": "Dallas", "lat": 32.7767, "lon": -96.7970, "population": 1343573, "timezone": "America/Chicago"},
        {"name": "San Jose", "lat": 37.3382, "lon": -121.8863, "population": 1021795, "timezone": "America/Los_Angeles"},
        {"name": "Austin", "lat": 30.2672, "lon": -97.7431, "population": 978908, "timezone": "America/Chicago"},
        {"name": "Fort Worth", "lat": 32.7555, "lon": -97.3308, "population": 918915, "timezone": "America/Chicago"},
        {"name": "Jacksonville", "lat": 30.3322, "lon": -81.6557, "population": 911507},
        {"name": "Columbus", "lat": 39.9612, "lon": -82.9988, "population": 905748},
        {"name": "Charlotte", "lat": 35.2271, "lon": -80.8431, "population": 879709},
        {"name": "Indianapolis", "lat": 39.7684, "lon": -86.1581, "population": 876384, "timezone": "America/Indiana/Indianapolis"},
        {"name": "Seattle", "lat": 47.6062, "lon": -122.3321, "population": 753655, "timezone": "America/Los_Angeles"},
        {"name": "Denver", "lat": 39.7392, "lon": -104.9903, "population": 715522, "timezone": "America/Denver"},
        {"name": "Boston", "lat": 42.3601, "lon": -71.0589, "population": 692600},
        {"name": "Portland", "lat": 45.5051, "lon": -122.6750, "population": 652503, "timezone": "America/Los_Angeles"}
      ]
    },
    "japan": {
      "country_code": "JP",
      "timezone": "Asia/Tokyo",
      "cities": [
        {"name": "Tokyo", "lat": 35.6762, "lon": 139.6503, "population": 13960000},
        {"name": "Yokohama", "lat": 35.4437, "lon": 139.6380, "population": 3748781},
        {"name": "Osaka", "lat": 34.6937, "lon": 135.5023, "population": 2752412},
        {"name": "Nagoya", "lat": 35.1815, "lon": 136.9066, "population": 2320361},
        {"name": "Sapporo", "lat": 43.0618, "lon": 141.3545, "population": 1973395},
        {"name": "Fukuoka", "lat": 33.5902, "lon": 130.4017, "population": 1603043},
        {"name": "Kobe", "lat": 34.6901, "lon": 135.1956, "population": 1524601},
        {"name": "Kawasaki", "lat": 35.5308, "lon": 139.7030, "population": 1516483},
        {"name": "Kyoto", "lat": 35.0116, "lon": 135.7681, "population": 1463723},
        {"name": "Saitama", "lat": 35.8617, "lon": 139.6455, "population": 1305632}
      ]
    }
  }
}
